date,timestamp,models,datasets,model_downloads,dataset_downloads,total_downloads,total_likes
2026-04-09,2026-04-09 17:31:16,37,7,322,71,393,1
2026-04-09,2026-04-09 18:14:26,37,7,322,71,393,1
2026-04-09,2026-04-09 18:22:13,38,7,322,71,393,1
2026-04-10,2026-04-10 14:46:15,44,6,2561,76,2637,1
2026-04-11,2026-04-11 09:23:55,44,7,4440,102,4542,1
2026-04-12,2026-04-12 09:26:51,43,6,4460,72,4532,1
2026-04-13,2026-04-13 09:47:58,44,6,4758,72,4830,2
2026-04-14,2026-04-14 09:43:07,49,6,4816,66,4882,3
2026-04-15,2026-04-15 09:43:09,49,6,4852,70,4922,3
2026-04-16,2026-04-16 09:42:30,54,6,6802,75,6877,3
2026-04-17,2026-04-17 09:42:05,54,6,7311,76,7387,3
2026-04-18,2026-04-18 09:27:29,56,6,7655,76,7731,3
2026-04-19,2026-04-19 09:26:27,61,6,10342,80,10422,3
2026-04-20,2026-04-20 09:46:48,68,6,12478,82,12560,3
2026-04-21,2026-04-21 09:43:53,71,6,17028,84,17112,3
2026-04-22,2026-04-22 09:43:14,73,6,22475,84,22559,3
2026-04-23,2026-04-23 09:44:56,74,6,23707,85,23792,3
2026-04-24,2026-04-24 09:44:30,77,6,24242,81,24323,3
2026-04-25,2026-04-25 09:28:31,85,6,25582,82,25664,3
2026-04-26,2026-04-26 09:30:09,86,6,28100,86,28186,3
